{
	"format_version": "1.8.0",
	"animations": {
		"IDLE": {
			"loop": true,
			"animation_length": 2,
			"bones": {
				"SQUIRREL": {
					"position": {
						"0.0": [0, 0, 0],
						"1.0": [0, -0.05, 0],
						"2.0": [0, 0, 0]
					}
				},
				"Neck/Head": {
					"rotation": {
						"0.0": [0, 0, 0],
						"1.0": [10, 0, 0],
						"2.0": [0, 0, 0]
					}
				},
				"Head": {
					"rotation": {
						"0.0": [0, 0, 0],
						"1.0": [-10, 0, 0],
						"2.0": [0, 0, 0]
					}
				},
				"EarLeft": {
					"rotation": {
						"0.0": [0, 0, 0],
						"1.0": [-2.5, 0, -2.5],
						"2.0": [0, 0, 0]
					}
				},
				"EarRight": {
					"rotation": {
						"0.0": [0, 0, 0],
						"1.0": [-2.5, 0, 2.5],
						"2.0": [0, 0, 0]
					}
				},
				"Left": {
					"rotation": {
						"0.0": [0, 0, 0],
						"1.0": [10.08453, -7.38542, -1.30962],
						"2.0": [0, 0, 0]
					}
				},
				"Lower": {
					"rotation": {
						"0.0": [0, 0, 0],
						"1.0": [-10, 0, 0],
						"2.0": [0, 0, 0]
					},
					"position": {
						"0.0": [0, 0, 0],
						"1.0": [0, -0.5, -0.5],
						"2.0": [0, 0, 0]
					}
				},
				"Foot3": {
					"rotation": {
						"0.0": [0, 0, 0],
						"1.0": [0, 0, 0],
						"2.0": [0, 0, 0]
					}
				},
				"Right": {
					"rotation": {
						"0.0": [0, 0, 0],
						"1.0": [10.08453, 7.38542, 1.30962],
						"2.0": [0, 0, 0]
					}
				},
				"Lower3": {
					"rotation": {
						"0.0": [0, 0, 0],
						"1.0": [-10, 0, 0],
						"2.0": [0, 0, 0]
					},
					"position": {
						"0.0": [0, 0, 0],
						"1.0": [0, -0.5, -0.5],
						"2.0": [0, 0, 0]
					}
				},
				"Foot4": {
					"rotation": {
						"0.0": [0, 0, 0],
						"1.0": [0, 0, 0],
						"2.0": [0, 0, 0]
					}
				},
				"Left2": {
					"rotation": {
						"0.0": [0, 0, 0],
						"1.0": [-10.08453, -7.38542, 1.30962],
						"2.0": [0, 0, 0]
					}
				},
				"Lower2": {
					"rotation": {
						"0.0": [0, 0, 0],
						"1.0": [10, 0, 0],
						"2.0": [0, 0, 0]
					}
				},
				"Foot": {
					"rotation": {
						"0.0": [0, 0, 0],
						"1.0": [10, 0, 0],
						"2.0": [0, 0, 0]
					}
				},
				"FootLower": {
					"rotation": {
						"0.0": [0, 0, 0],
						"1.0": [-10, 0, 0],
						"2.0": [0, 0, 0]
					}
				},
				"Right2": {
					"rotation": {
						"0.0": [0, 0, 0],
						"1.0": [-10.08453, 7.38542, -1.30962],
						"2.0": [0, 0, 0]
					}
				},
				"Lower4": {
					"rotation": {
						"0.0": [0, 0, 0],
						"1.0": [10, 0, 0],
						"2.0": [0, 0, 0]
					}
				},
				"Foot2": {
					"rotation": {
						"0.0": [0, 0, 0],
						"1.0": [10, 0, 0],
						"2.0": [0, 0, 0]
					}
				},
				"FootLower2": {
					"rotation": {
						"0.0": [0, 0, 0],
						"1.0": [-10, 0, 0],
						"2.0": [0, 0, 0]
					}
				},
				"Tail": {
					"rotation": {
						"0.0": [0, 0, 0],
						"1.0": [2.5, 0, 0],
						"2.0": [0, 0, 0]
					}
				},
				"TailUpper": {
					"rotation": {
						"0.0": [0, 0, 0],
						"1.0": [2.5, 0, 0],
						"2.0": [0, 0, 0]
					}
				},
				"TailUpper2": {
					"rotation": {
						"0.0": [0, 0, 0],
						"1.0": [5, 0, 0],
						"2.0": [0, 0, 0]
					}
				}
			}
		}
	}
}